county,year,adults_who_are_current_smokers,adults_who_are_former_smokers,adults_who_are_inactive_or_insufficiently_active3,adults_who_are_obese3,adults_who_are_overweight3,adults_who_are_sedentary,adults_who_could_not_see_a_doctor_in_the_past_year_due_to_cost,adults_who_had_poor_physical_health_on_14_or_more_of_the_past_30_days,adults_who_had_a_medical_checkup_in_the_past_year3,adults_who_have_never_smoked,adults_who_have_a_healthy_weight3,adults_who_received_a_flu_shot_in_the_past_year3,adults_who_received_a_sigmoidoscopy_or_colonoscopy_in_the_past_five_years_aged_50_years_and_older_3,adults_who_said_their_overall_health_was_fair_or_poor,adults_who_said_their_overall_health_was_good_to_excellent,adults_whose_poor_physical_or_mental_health_kept_them_from_doing_usual_activities_on_14_or_more_of_the_past_30_days_among_adults_who_have_had_at_least_one_day_of_poor_mental_or_physical_health,adults_with_good_mental_health,adults_with_good_physical_health,average_number_of_days_where_poor_mental_or_physical_health_interfered_with_activities_of_daily_living_in_the_past_30_days_among_adults_who_have_had_at_least_one_day_of_poor_mental_or_physical_health,average_number_of_unhealthy_mental_days_in_the_past_30_days,average_number_of_unhealthy_physical_days_in_the_past_30_days,births_aged_15_19_years_6,births_to_mothers_with_1st_trimester_prenatal_care6,black1,campylobacteriosis,county_health_department_full_time_employees12,county_public_health_department_expenditures_in_dollars12,cryptosporidiosis,cyclosporiasis,deaths_from_breast_cancer6,deaths_from_cervical_cancer6,deaths_from_chronic_lower_respiratory_disease_clrd_6,deaths_from_colorectal_cancer6,deaths_from_coronary_heart_disease6,deaths_from_diabetes6,deaths_from_heart_failure6,deaths_from_human_immunodeficiency_virus_or_acquired_immunodeficiency_syndrome_hiv_or_aids_6,deaths_from_lung_cancer6,deaths_from_melanoma6,deaths_from_motor_vehicle_crashes6,deaths_from_prostate_cancer6,deaths_from_stroke6,deaths_from_suicide6,deaths_from_unintentional_injury6,domestic_violence_offenses11,female_breast_cancer_incidence8,fetal_deaths_stillbirths_6,giardiasis_acute,gonorrhea9,haemophilus_influenzae_invasive_disease_aged_0_4_years_9,hepatitis_a9,hepatitis_b_acute9,hepatitis_b_chronic9,hispanic1,hospital_beds5,hospitalizations_from_chronic_lower_respiratory_disease_clrd_including_asthma_7,hospitalizations_from_coronary_heart_disease7,hospitalizations_from_stroke7,hospitalizations_from_or_with_asthma_as_any_listed_diagnosis7,hospitalizations_from_or_with_congestive_heart_failure_as_any_listed_diagnosis7,hospitalizations_from_or_with_diabetes_as_any_listed_diagnosis_which_resulted_in_a_diabetes_attributable_amputation_of_a_lower_extremity,hospitalizations_from_or_with_diabetes_as_any_listed_diagnosis7,human_immunodeficiency_virus_hiv_diagnoses9,immunization_levels_in_kindergarten10,individuals_below_poverty_level2,individuals_with_no_high_school_diploma_aged_25_years_and_older_2,infant_mortality_aged_0_364_days_6,legionellosis,licensed_florida_dentists4,licensed_florida_family_practice_physicians4,listeriosis,live_births_under_2500_grams_low_birth_weight_6,lung_cancer_incidence8,measles_rubeola_9,melanoma_incidence8,men_who_received_a_prostate_specific_antigen_psa_test_in_the_past_two_years_aged_50_years_and_older_3,meningococcal_disease_aged_0_23_years_9,mothers_who_initiate_breastfeeding6,multiple_births6,murder11,neonatal_mortality_aged_0_27_days_6,non_hispanic1,other1,pertussis9,population_aged_0_17_years_1,population_aged_18_64_years_1,population_aged_65_years_and_older_1,population_non_institutionalized_civilians_with_health_insurance3,population_that_speak_english_less_than_very_well_aged_5_years_and_older_2,postneonatal_mortality_aged_28_364_days_6,preterm_births_37_weeks_gestation_6,preterm_with_low_birth_weight,prostate_cancer_incidence8,repeat_births_to_mothers_aged_15_19_years_6,rubella9,salmonellosis,shiga_toxin_producing_escherichia_coli_stec_infection,shigellosis,streptococcus_pneumoniae_invasive_disease_aged_0_5_years_9,syphilis_infectious9,tetanus9,total_population1,tuberculosis_tb_9,unemployed_civilian_labor_force2,varicella9,vibriosis_excluding_cholera,white1,women_who_received_a_mammogram_in_the_past_year_aged_40_years_and_older_3,women_who_received_a_pap_test_in_the_past_year_aged_18_years_and_older_3
Alachua,2021,11.4,18.6,51.7,29.8,27.5,21.8,13.8,8.3,76,70,40.1,44.3,51.8,11.2,88.8,13,88.9,91.7,4.3,4.1,2.9,8.8,79.1,56767,18.1,89.4,63,2.6,3.3,20.1,2.8,30.8,15,73.1,23.7,15.6,3.1,32.1,2.8,15.2,25.7,43,12.5,56.7,582.5,151.1,7.7,4.3,340.4,3,3.6,3.4,137,29542,633.9,265.1,216.5,268.1,1041.6,1807.3,50.2,2718.7,12.6,94.3,20.1,6.8,10,1,111,48.5,0,10.6,65.4,0,23.3,52.3,0,86.4,3.6,4.5,7.4,245893,26103,0.2,49273,184424,41738,91.8,3.6,2.6,11.9,7.3,104,11.7,0,34.3,4.3,3.1,2,25.1,0,275435,2.1,4.8,1.6,2.5,192565,55.8,49.5
Baker,2021,29.7,26,61.7,36.4,34.3,34.9,21.8,22,78.4,44.3,26.6,35.1,56.6,25.5,74.5,21.3,83.9,78,5.7,5,5.9,39.5,64.2,4133,16.4,119.6,106.1,0,0,23.8,0,61.7,15.2,102,25.3,24,3.6,40.7,0,26.2,13,50,13.9,75,513.3,138.2,4.7,3.5,156.8,1,0,1.2,18,851,1419.3,303.9,339.1,271.8,581.1,1688.4,52.5,2901,8.2,96.7,11.7,14.2,7.6,4.7,10.5,3.5,0,9.6,79.1,0,24.9,51.3,0,76.2,3.8,4.8,3.8,27939,943,1.2,6704,17870,4216,88.9,0.4,3.8,12.1,7,63.6,14.4,0,26.9,3.5,0,0,10.5,0,28790,0,5.1,9.4,0,23714,56.6,37.7
Bay,2021,22.1,26.8,60.6,29.9,36.4,29.7,16.4,14.9,72.6,51.1,30.4,33.7,60.3,20.9,79.1,19.1,82.1,85.1,6,5.5,4.6,26.7,67.8,19846,23.5,78.1,55.5,1.7,1.5,15.7,2.8,57,13.3,98.1,29.9,17.5,3.1,44,3.6,20.4,14.7,31.8,20,76.5,696.8,97.6,8.1,3,172.6,3,2.3,2.6,83,12160,415.2,172.7,332.2,281.9,538.5,1497.3,33,2392,16.9,95.3,12.9,9.9,10.2,2.3,44.9,22.2,0,8.6,66.3,0,34.7,61.7,0,81.1,3.6,4.8,7,164691,11930,0.2,35765,107698,33388,86,3.4,3.2,10.4,6,79.5,17.1,0,36.2,1.3,1.3,1,13.9,0,176851,1.9,4.6,1.7,2,145075,55.3,50.5
Bradford,2021,27.1,21,53.7,35.8,30.4,35.8,18.3,18.4,78.1,51.8,30.7,30.8,51,24,76,24.6,80.9,81.6,7.5,5.4,5.7,30.3,73.7,5842,11.6,115,88.6,1.2,0,23.9,7.9,74.3,11.9,73.4,28.6,18.2,1.5,49.7,4.8,34.8,17.1,43.3,18.8,76,310.5,111.6,10,1.2,166.1,0,0,4.6,6,1342,17.4,374.8,278,262.4,845.3,2090.9,55.9,3401.7,12.8,95.6,19.4,18,5.6,3.5,22.1,8.1,0,12.4,73.9,0,23.4,56.7,0,78.4,1.8,4.7,2.3,27482,949,0,5480,18058,5286,88.1,0.4,3.4,12.9,7.9,80.8,17.2,0,38.3,3.5,5.8,0,7,0,28824,0,5,1.2,0,22033,46.5,41.4
Brevard,2021,16.3,29.3,53,30.7,36.6,27.9,15.9,16,78.8,54.4,31.6,38.4,52.6,21,79,21.5,84.7,84,6,4.8,5,13.2,69.1,67233,7.7,46.9,29.6,1,1.1,21.5,3.6,39.7,13.3,92.1,20.1,14.2,2.6,37.1,2.5,15.9,17.6,47.2,18.5,91.6,629.3,118.5,6.3,2.1,113.1,4,12.1,2,278,69299,314.9,210.3,253.6,238,594.3,1228.2,37.3,2193.4,12.4,95.2,10.6,7.5,6.1,1.5,49.5,23,0.1,8.3,62.3,0,31.8,59.4,0.2,83.5,3,4.6,4.1,549192,38160,0.7,111677,355517,151297,89.8,3.3,2,10,5.6,88.1,11.7,0,36,1,0.6,7,19.1,1,618491,1.4,4.8,1.5,1.3,513098,58.6,48.6
Broward,2021,12.6,22.2,58.4,27.1,37.9,24.1,18.5,13.1,80.8,65.2,33.3,30.6,50.1,18.8,81.2,20.5,88.6,86.9,6,3.7,4,9.6,73.8,593687,12.8,37.7,25.8,1.5,0.3,18,2.8,27.2,12.5,86.4,21.3,15.4,3.8,25,1.7,14.7,17.6,56.3,10.8,58.6,287.8,115.9,7.3,4.2,239.6,7,1,1.6,1741,611097,336.1,167.5,198.8,219.1,501.5,991.3,32,2019,29.9,93.9,12.4,10,5.2,2.3,74.9,13.1,0.2,9.5,42.5,1,19.8,56.1,0,89.1,3,6.2,3.4,1335636,131734,0.5,406235,1199039,341459,85.8,15.9,1.8,11.2,6.6,79.4,13.2,0,39,2.7,9.2,30,25.2,1,1946733,2.5,6,3.3,0.7,1221312,62.3,54.7
Calhoun,2021,20.2,26.8,70,35,35.3,38.7,17.8,16.4,69.3,53.1,27.4,30.7,60.1,26.4,73.6,26.9,84.5,83.6,7.4,4.5,4.9,31.3,69.5,1835,13.5,115.4,101.2,0,0,16.5,8.3,72.5,11.9,116.5,42.4,33.6,0,41.7,1.4,25.7,7.2,40.4,8,55,154.9,61.1,0,6.7,191,0,15.7,2.2,4,884,168.5,173.7,286.1,244.9,405.1,1338.2,28.8,2054.3,6.7,96.3,18.2,22.3,5.2,2.2,27,22.5,0,9.3,70.6,0,23.1,54.6,0,71.8,4.7,13.3,5.2,13745,684,0,2901,8936,2792,81.6,2.8,0,9.6,5.4,36,,0,29.2,2.2,2.2,1,6.7,0,14629,2.2,3.4,2.2,0,12110,62.4,48.3
Charlotte,2021,15.4,41.9,50.6,27.4,39.5,25.8,14.2,17.2,81.9,42.7,31.1,42.5,58.5,21.1,78.9,22.9,86.6,82.8,6.7,4,5.3,14.6,69.7,11591,8.5,35.4,24.5,0.4,1.1,15.3,2,30.4,12,72.5,18.5,7.4,1.5,36.5,2.9,18.2,15.7,30.5,21.9,55.8,300.1,123.3,6.4,1.8,48.4,1,12.1,3.9,79,15468,381.9,192.1,281.7,192.4,601.9,1055,26.5,1940.2,6.6,94.3,10.5,8.2,4.2,1.1,37,11,0.2,8.6,66.2,0,49.4,61.6,0,88.4,2.6,0.9,1.9,178533,6941,0.2,22755,91290,79956,89.6,3.4,2.3,9.3,5.5,71.2,8.7,0,21.2,1.1,0.5,0,3.7,1,194001,0.7,5.4,0.2,1.8,175469,73.9,46.4
Citrus,2021,19.8,38.5,57.3,31.2,36.3,32.3,18.7,19.2,80.7,41.7,30.2,38.6,61.8,22.1,77.9,27.3,83.6,80.8,8.1,4.9,5.9,21.7,66.7,4850,18.3,49.7,37.7,1.1,0.4,22.4,6.1,75.6,14.9,122.6,31.2,36.9,0.5,54.2,1.3,30.5,14.9,64.8,26.6,117.5,566.5,116,6.4,2.7,87.8,0,32.1,6.5,67,9510,222,189.4,426.8,246.9,582.4,1429.6,42.5,1972.9,3.1,93.3,14.9,10.1,7.7,1.3,26.7,13.8,0,7.9,76.2,0,38.5,57.8,0,78.7,3.6,2.9,5.4,141592,6098,0.9,22262,72806,56034,88.7,1.9,2.2,10.4,5.3,85.2,17.8,0,26.5,1.3,0.7,0,4.2,0,151102,1.3,7.7,2,1.4,140154,66.8,39.1
Clay,2021,22.2,25.9,53.3,34.6,34.3,31.6,13.6,18.9,76.1,51.9,29.2,34.8,58.1,21.7,78.3,20.4,85.3,81.1,6.4,4.8,5.3,12.8,68.8,29469,14.5,31.4,21.5,1.5,1.7,21,3.3,51.9,16.1,88.4,25.2,15.7,1.4,40.3,2.9,17.6,18.3,55.9,17.4,73.7,392.3,137,5.5,2.9,159.8,1,6.7,1.5,92,24050,245.9,158.1,309.2,286.3,669.8,1567.9,33.4,2769,6,96.2,9.6,8.1,5.8,1.7,42.2,19.3,0.3,8.5,69,0,33.6,63.2,0,84.2,3.4,2,3.7,200453,16264,1.2,51354,135707,37442,90.8,3.3,2.1,11.5,6.3,66.2,12,0,31.3,1.2,0.6,2,6.2,0,224503,1.1,4.8,1.4,0.3,178770,62.6,42
Collier,2021,11.7,29.7,53.5,23.1,40.8,25.4,13.7,8.5,77.2,58.6,34.7,40.2,53,17.3,82.7,16.5,92.9,91.5,4.9,2.5,2.9,17.1,74.3,29273,18.6,42.3,30.3,1.5,1.3,15.6,1.9,14.4,7.2,53.6,11.3,3.8,1.5,19.7,2,12.5,10.7,43.7,14.2,59.5,434.6,109.3,6.7,3.7,61.4,0,1.4,2.1,152,114119,274.6,106,174.2,149.6,375.2,694.7,18.8,1278.3,8.3,92.9,10.6,10.5,3.4,2,72.5,19.2,0.3,7.2,37.2,0,37,49.7,0,78.5,2.7,2.1,2.6,284577,13625,0.8,65874,199555,133267,87.9,13.3,0.7,9.8,5.1,86.2,11.5,0,30.9,1.7,2.4,1,7.1,0,398696,3.7,4.2,3.3,0.8,355798,63.8,47.9
Columbia,2021,23.9,24.2,65.3,35.2,38.2,36.7,15.6,16.5,75.9,51.9,23.8,34.6,54.1,25.1,74.9,27.1,82.3,83.5,7.7,5.3,5.1,24.1,73,13174,27.8,48,37.9,1.9,0,23.3,4.7,74.4,13.8,93.8,39.2,18.5,2.6,43.4,2.2,25.5,22.9,52.7,23.4,66.3,571.9,131.6,7.9,5.2,263,0,14.1,1.9,30,4786,134.3,346.7,302.2,307.7,875.4,2146.8,59.6,3405.8,9,94.8,14.4,13.5,13.8,1.9,25.5,12.7,0.9,10.9,88.2,0,17.6,46.4,0,73.7,3.1,5.7,9.8,66083,2752,0.9,15217,41626,14026,86,2.1,4,12.2,7.3,112.6,16.4,0,37.2,7.5,8,1,11.3,0,70869,1.4,8.2,1.9,0.5,54943,54.3,35.6
DeSoto,2021,18.3,28.3,65.3,30.6,40.7,32.3,18.1,13.6,73.8,53.3,27,29.5,52.5,23.6,76.4,25,88.8,86.4,7,3.7,4.2,31.4,62.6,4782,22.7,147.2,160,3.6,0,23.6,1,42.7,13.3,77.9,39.2,11.7,2.1,43.4,2.6,27,14.1,24.3,14.2,71.8,881.1,77.7,8.5,3.6,130.9,0,4.5,2.7,10,12118,133.6,213.1,287.9,240.5,472.6,1294.6,43.8,2588.6,9.1,95.5,25.3,25.2,7.8,0,13.6,0,0,9,63.1,0,8.1,69.3,0,85.9,2.8,5.6,3.4,25823,1278,0,7083,22178,8680,82.1,11.8,4.3,11.5,6.2,62.1,15.9,0,22.7,1.8,2.7,0,2.7,0,37941,6.4,9.4,4.5,0.9,31881,63.1,36
Dixie,2021,29.5,26.5,69.2,34.2,35.8,38.1,21.4,21.2,76,44,26.9,31.7,45.2,32.5,67.5,28.7,83,78.8,8,5.1,6.4,52.4,65.6,1616,56.1,100,75.9,4,0,14.6,0,65.1,12.2,69,35,15.8,2.1,64.4,2.3,33.2,22.8,30.1,23.4,87,718.2,105.1,9.9,6,144.2,0,18,8,11,702,0,338.8,307.5,297.7,1034.9,1978.6,62.1,3239,2,97.6,15.7,19.1,6,2,0,6,0,11.4,79.3,0,9.8,31.4,0,72.5,3.4,6,4,16014,496,2,3017,9622,4077,85.1,1.1,2,14.8,8.7,51.4,,0,64.1,4,4,0,8,0,16716,4,4.9,2,0,14604,55.9,38.1
Duval,2021,16.4,21.5,52.4,33,35.5,29.4,17.4,14.1,77.3,62.2,29,40.2,55.5,22.3,77.7,20,82.8,85.9,6.3,5.3,4.5,22.1,63.8,308297,13,41.1,34.6,1.3,5.4,22.3,3.1,42.1,14.7,98.1,27.5,17.5,4.4,39,2.1,18.5,22,54.9,15.6,86.1,820.3,150.8,7.8,2.2,431.3,2,10.3,4.3,703,109370,400.5,208.5,280.4,299.1,841.6,1799.9,55.3,3077.1,27.8,93.1,14.5,9.5,7.5,3,54,24.8,0.1,10.2,71.6,1,26.7,50.9,0.1,83.5,3.5,13.2,4.9,885408,86917,0.4,225343,621846,147589,88.1,5.9,2.6,11.8,7,94.2,15.7,0,29.5,1.8,3.7,21,26.7,1,994778,3.7,5.1,1.5,0.8,599564,57.7,54.7
Escambia,2021,16.6,25.1,57.1,31.6,36.3,27,15.6,14.1,77.3,58.3,29.8,38.4,61.9,23.2,76.8,26.3,86.3,85.9,7.1,4.1,4.3,27,72,75563,13.9,55.6,42.9,0.7,0.7,23.3,1.8,51.2,15.9,85.5,28.5,34.1,3.8,46.5,2.4,21.8,19.6,54.6,17.6,90.7,693.7,118.9,5.9,2.7,338.3,5,18.1,3.9,179,19955,505.8,184.7,248.8,290.2,672.9,1687.4,66.3,2843.8,12.9,92.5,14.5,9.4,8,1.6,45.4,23.7,0.4,11.2,73.4,0,30,59.6,0,77.9,3.4,7.4,4.4,306597,26190,0.9,70479,199063,57010,88.4,3.1,3.6,15,8.3,114.2,15.7,0,20.9,1,3.2,5,16,0,326552,2.9,6.3,3.6,2,224799,59.5,51.3
Flagler,2021,20,33.6,47.3,28.6,35.8,24.7,15.9,13.9,81.2,46.5,34.4,34.7,55.6,18.9,81.1,19.2,86.2,86.1,5.9,4.3,4.5,13.6,78.4,12715,5.3,51,34.4,0.3,2.3,20.2,1.1,34,13.3,89.8,21.1,13.1,1.4,37.8,1.5,13.5,18.7,51.3,20.9,73.1,595.8,121.2,5.7,2,86.6,0,5,1.5,46,13065,86.6,134.5,279.1,226.1,473.5,1092,39.7,1867.8,11.7,93.4,11.1,7.7,4.5,0.3,37.6,15.8,0.3,8.4,60.9,0,49.6,67.1,0,83.5,3.2,1.8,2.9,105018,6299,1.5,18447,62199,37437,87.8,6.9,1.6,10.1,5.6,89.7,6.1,0,36.8,4.1,1.8,0,6.4,0,118083,0.9,3.7,2.9,2.7,99069,53.8,35.4
Franklin,2021,24.2,30,56.2,34.6,34.6,34.8,17.4,14.5,74.2,45.8,27.5,32.5,55.6,22.4,77.6,25.1,86.2,85.5,6.9,4.3,4.5,55.6,66.9,1567,19.3,190.7,152.9,0,0,25.8,0,54.7,9.4,86.8,18.4,33.6,0,45.9,5.5,29.4,9.5,52.5,15.1,81.2,551.8,135.3,10.3,0,58,0,2.8,0,6,711,207,167,290.2,198.9,320.4,1677.2,50.7,1969.7,2.8,99.1,19.1,21.1,3.5,0,8.3,5.5,0,9.7,62.3,0,26.7,55.8,0,64.7,0.7,2.7,3.5,11268,430,0,1834,7207,2938,81.6,1.1,0,10.7,5.6,90.9,13.5,0,30.4,0,2.8,0,27.6,0,11979,0,9.5,2.8,8.2,9982,44.6,42.2
Gadsden,2021,15.1,19.2,63.4,48.1,24.6,38.9,21.8,19.3,78.6,65.7,26.6,44,63.3,29.5,70.5,23.8,83.7,80.7,7.3,5.1,5.7,27.2,70.2,25912,21.3,98.9,72.5,2.1,0,17.6,3.3,39.5,20,87.8,29.7,20.7,7.2,35.4,0.6,24.4,20.6,52.2,16.8,53,231,100.3,9.3,0.7,495.8,0,0,2.1,28,5052,682.6,168.3,305,332.2,884.2,2002.8,55.3,3463.6,20.6,95.8,24.2,19.2,8.7,0,12.8,9.2,0,14.9,59.7,0,13.2,50,0,66.9,3.7,7.7,6,41468,1204,0,9801,27706,9013,85.5,4.1,2.7,14.9,9.7,85.8,12.7,0,20.6,0,11.4,1,25.6,0,46520,5,4,2.1,2.1,19404,65.7,53.5
Gilchrist,2021,19.3,24.4,57,41.6,36.1,34.5,17.3,23.6,63.2,56.3,19.4,27.9,53.7,33.1,66.9,30.6,85.7,76.4,8,4.4,6.8,24.4,74.3,1042,49.6,96.1,66,0,0,17.1,0,54.2,11.9,99.8,23.1,17.1,0,62.5,2.1,25.7,35.7,42.5,23.2,72.8,356.6,126.4,3.4,9.2,110.2,0,9.2,1.8,5,1215,0,260.3,251,264.3,982,1763.9,65.4,2686,0,95.9,12.2,13.7,5.2,1.8,7.3,12.9,0,8.8,90.5,0,25.9,40.2,0,83.5,2.6,3.8,5.2,17505,577,0,3866,10895,3959,84.4,2.5,0,12.7,6.5,93.1,16.7,0,51.4,5.5,1.8,0,3.7,0,18720,0,3.9,3.7,3.8,17101,61.4,40
Glades,2021,15.3,33.5,67.4,35,43.5,36.8,21.2,16.8,72.4,51.2,20.6,31.3,54.2,24.9,75.1,19.3,89.7,83.2,6.4,2.6,5.8,16.8,77.1,1919,2.5,63.6,78,0,0,18.2,2.3,36.5,12.3,91.4,14.3,1.3,0,40.8,2.3,42.3,12.1,31.3,21.9,92.6,432.7,63.9,20.9,0,74.3,0,7.4,2.5,4,3061,0,127,139.1,120.8,260.1,686.3,26.1,1323.4,7.4,95.3,19.9,30.6,10.7,0,0,0,0,8.6,27.3,0,60.9,54.1,0,70.1,3.2,0,10.7,10979,1025,0,1950,8008,4082,79.1,11.4,0,11.2,5.9,28.5,,0,22.3,7.4,0,0,2.5,0,14040,5,9.1,5,2.5,11096,51,36.9
Gulf,2021,24,28,58.7,29.7,38.4,31.4,18.8,15.9,72.2,48.1,30,30.3,55.2,26.8,73.2,24.4,82.4,84.1,7.2,5.7,5,23,72.5,1694,17.4,155.2,132.5,0,6.5,32.1,0,67.8,17.7,74.3,29.3,21,4.7,37.7,6.4,15.5,18.7,30.4,23.3,67.5,480.4,66.8,2.8,2.2,138.8,0,0,2.2,10,429,123.6,145.6,316.3,257.3,484.9,1482.5,31.1,2047,2.2,96.3,9.8,13.3,5.6,4.3,13,30.4,0,7.2,51.4,0,22.6,47.4,0,73.5,2.8,2.1,2.8,14446,541,0,2753,8257,3865,91.8,1.9,2.8,9.2,4.5,86.8,17.4,0,58.6,6.5,4.3,0,15.2,0,14875,0,4.1,4.3,6.3,12640,51.3,37.8
Hamilton,2021,20.2,25.4,63.9,43.7,29.9,33.1,15,15.8,76.4,54.4,25.5,25.5,52.4,28.1,71.9,19.6,88.8,84.2,6.7,3.5,4.8,45.3,66,4859,22.7,100.7,84.9,4.5,0,12.9,0,58.9,16.5,90.4,26.8,18.7,2.4,59.4,3.2,33.1,26.7,61.7,36,91.5,505.5,133.8,10.1,2.3,252.2,0,6.8,0,9,1519,0,313.1,276.1,312,638.5,1906,21.4,2952.5,22.7,96.8,26.4,24.1,10.2,0,20.4,0,2.3,14.7,63.8,0,12.5,51,0,62.6,3.3,9.1,2,13097,602,0,2805,9072,2739,81.8,2.9,8.2,14.5,9.8,98,18.6,0,38.6,4.5,0,0,13.6,0,14616,0,11.3,2.3,0,9155,53.8,43.4
Hardee,2021,20.7,19.9,66.1,35.2,36.5,42.7,18.6,14,73.4,59.4,25.6,29.7,44.2,28.4,71.6,21.7,89.6,86,6.2,2.9,4.3,37.3,68.4,2050,14.6,98.3,68.5,1.2,0,16.3,3.6,60.3,13.8,85.6,33.9,15,3.2,35.9,5.7,40.9,9.7,78.8,7.7,85.2,765.3,91.2,1,4.9,165.2,0,2.4,2.4,12,12147,91.1,159.7,439.4,264,569.9,2243.8,82.8,3750.5,3.6,98.3,26.2,23.8,8.8,3.6,12.1,1.2,0,9,60.9,0,21.1,61.6,0,83.9,2.6,3.6,4.9,15289,1133,1.2,7141,15586,4709,86.8,15.6,3.9,12.1,6.4,69.6,14.9,0,31.6,4.9,0,1,10.9,0,27436,1.2,6.6,7.3,0,24253,55.3,46.9
Hendry,2021,18.1,17,61,43.4,29.7,42,15.5,14.2,72.7,65,25.2,28.8,53.9,27.1,72.9,19.6,86.2,85.8,5.4,4.2,4.3,29.4,75.4,5071,26.1,172.4,122.1,1.6,1.6,9.4,6.4,35,13.6,129.8,40.9,12.7,3.3,36.1,2.3,35.3,13.9,45.3,17.1,80.7,621.4,91.9,4.8,3.3,125,0,2.5,0,19,23235,61.3,217.7,364.1,285,643.5,1628.4,59,3281.5,8.2,95.8,25.9,30.7,10.3,3.3,18.8,4.9,1.6,9.3,64.1,0,22.6,56.1,0,68.6,2.5,12.5,6.7,18495,2154,0.8,10974,24889,5867,76.2,21.6,3.6,12.6,6.6,67.2,14.8,0,40,5.7,0.8,0,7.4,0,41730,3.3,6.1,1.6,0,34505,53.6,47.9
Hernando,2021,21.5,32.8,59.8,30.7,37.6,31.8,16.5,17.3,76.2,45.7,29.9,34.1,56,24.9,75.1,27.6,83.6,82.7,8.3,4.7,5.5,15.6,79.7,12324,13.7,39.2,28.3,1.2,1.2,19.5,2.9,58.4,14.8,115.2,38,19,1.8,44,3.4,23.7,17.1,34.2,18.1,99.4,521.8,117.7,7.5,1.7,80.1,2,20.6,6.1,86,30211,383.9,234.4,438.7,253.7,865.5,1487.2,40,2946.5,6.6,92.8,13.2,11,6.3,1.6,29.6,11.1,0,9.1,74.9,0,29.3,59.3,0,81.6,3.2,3.3,2.9,166208,8638,0.2,35246,107034,54139,87.1,3.5,3.4,12,6.4,90.9,10.4,0,17.3,1,0,1,6.2,0,196419,1.2,6.3,0.2,1.9,175457,67.8,37.3
Highlands,2021,16.5,32.4,58.6,29.1,36.5,34,13.5,18,78.7,51,31.8,32.6,48.3,25.9,74.1,25.1,84.9,82,7.3,4.6,5.6,24.3,69.2,11360,7.6,58.7,45.4,3.2,1,21.1,4.1,53.6,11.8,102,28.2,12.5,3.6,35.3,2.8,36.1,10.3,52.2,22.9,87.9,575.7,137.8,11.3,2.5,121,0,3.5,5.1,53,22583,315.3,187.3,451.9,248.1,631.1,1727.8,61.2,2815.2,8.6,95,15.9,14.1,5.7,2.5,32.2,13.7,0.3,9.5,58.9,0,27.6,52.8,0,86.3,3.5,6.8,4.1,83599,4428,1.3,17685,49733,38764,87.6,6.2,1.6,10.6,6.3,73,11.4,0,27.7,0.3,1,1,5.7,0,106182,1.6,7.4,1,0.3,90394,58.3,40.5
Hillsborough,2021,16,23.2,55.6,30.2,38.6,27.4,15.6,11.9,77.2,60.8,29.4,33.9,48.3,18.4,81.6,16.2,88.3,88.1,5.2,3.8,3.9,15.8,77.9,276682,19.7,27,26.6,3.2,1.1,18.6,2.6,34,13.7,90.7,22.3,13,2.4,32.5,1.9,14.4,16.5,33.7,13.2,61.2,473.8,132.3,6.5,4.3,235.6,5,4.4,3.2,874,453663,309.5,201.3,258.5,239.7,797.4,1447.7,40.8,2579.6,19.4,95.1,14,10.8,6.9,1.3,60.4,17.8,0.2,9,60.5,1,27.6,51.4,0.1,83,3.2,4.8,5,1061444,123987,2.6,335430,953919,225758,87.9,11.5,1.9,10.2,6.2,109.4,14.7,0,18.3,2.4,2.4,7,24,0,1515107,2.6,5,2.3,0.9,1114438,55.5,50.3
Holmes,2021,24,23.8,63.4,43.6,32.5,40,18,18.8,76.7,52.2,21.1,40.4,47,27.8,72.2,20.7,83.5,81.2,5.9,4.9,5.7,30.4,70.2,1362,13.2,158,106.3,0,0,21.1,9.5,94.1,18.4,185.6,52.4,23.5,0,57.3,1,30,26.7,46.2,24.4,60.6,667.7,74,1.7,6.6,207,1,3.3,1.7,9,632,99.3,233.1,155.5,146,396.9,1030.3,24.5,1711.9,3.3,98.5,18.8,19.5,8.3,1.7,34.8,24.8,0,6.8,61.1,0,24.7,45.6,0,75.6,2.3,3.3,5,19362,847,0,3977,11942,4075,81.4,1.6,3.3,10.4,5.7,23.4,28.9,0,16.6,8.3,0,1,8.3,0,19994,0,4.8,3.3,1.6,17785,50.2,49.6
Indian River,2021,15.9,34.8,52.4,25.6,34.1,26.7,13.2,14.4,77.3,49.2,38,36.3,54.4,18.6,81.4,18.5,89.8,85.6,5.6,3.4,4.5,15.3,79.2,15452,23.5,53.5,40.9,4.8,1.7,19.8,1.9,23.6,13.6,102.8,19.4,3.8,0.8,37,3.9,14.5,22.1,50,17.6,64.6,319.4,125.3,4.6,4.4,105.4,0,8.6,3.8,58,20964,364.6,179.1,218.7,241.8,435.8,1041.2,29.9,1710.6,6.5,94.1,10.7,8.9,7,1.7,57.7,23.3,0,8.6,65.9,0,51.3,44.9,0,85.8,2.7,4.5,4.6,141862,6225,0,24905,81600,56321,88.5,4.3,2.4,10.9,6.1,121.3,16.9,0,30.9,2.1,6.5,0,10.1,0,162826,1.3,6,3.1,1.3,141149,52.1,42.1
Jackson,2021,26,21.5,64.7,40.3,33.9,35.7,16.9,18.2,73.8,52.5,23.7,33,57.9,25.8,74.2,23,87.5,81.8,6.2,4,5.4,24.8,74.5,12305,14.6,124.6,91.9,0,0.7,24.2,1.7,50.7,15,121.3,36.6,23.2,5,47,3.1,41,24.8,35.2,18.7,85.7,226.7,68.4,9.2,8.3,310.1,0,13.2,2.1,27,2354,208.1,225.4,147.8,125,409.5,989.2,46.2,1899.4,11.8,94.2,18.1,16.6,12.9,0.7,29.1,6.9,0,10.4,52.4,0,14,54.9,0,72.4,3.9,3.4,7.9,44303,1845,0,8840,28147,9670,88.3,1.9,5,11.7,7.3,37.2,18.5,0,31.9,2.8,0.7,0,17.3,0,46657,1.4,5.1,1.4,1.3,32507,61.2,46.8
Jefferson,2021,17.1,26,54,29.1,35.9,29.6,16,13.4,72.3,57,29.6,33.7,58.8,20.1,79.9,20.1,90,86.6,5.7,3.2,3.9,16.1,75.8,4685,18.1,130.5,121.2,6.8,2.3,18.6,12.9,26.9,16.1,95.1,39.6,28.2,5.9,37.4,0,15.5,9.9,32,22.7,48.9,520.3,105.1,15.7,0,229.1,0,6.8,0,6,637,0,184.1,259.2,255.7,707.4,1511.5,53.4,2510,13.6,95.7,17.1,16.2,8,2.3,11.3,13.6,0,12.7,40.6,0,22.1,59.6,0,74.5,3.2,6.8,5.3,13780,419,0,2413,8481,3523,91.8,1.5,2.7,11.9,8.2,76.8,,0,24.9,9.1,0,1,27.2,0,14417,0,6.2,9.1,2.3,9313,57,34.9
Lafayette,2021,26.4,25.9,66.1,38.6,39.3,39.5,16.5,10.4,70.1,47.7,20.9,32.3,44.1,24.7,75.3,16.6,86.6,89.6,5.2,4.6,3.9,19,71,1149,45.7,122.1,107.9,3.8,0,37.7,0,68.6,17.7,91.5,18.5,24.1,0,43.9,0,14.1,22.2,44.6,6,60.7,280.1,144.5,10.6,11.4,106.7,0,3.8,0,6,1265,0,216,298.3,196.4,393.9,1445.5,37.2,2056.1,3.8,96.4,15,26.4,5.3,0,0,0,0,9.6,82.5,0,6.4,59.9,0,79.1,,0,0,7634,247,0,1687,5641,1571,87.1,5,5.3,17.6,7,27.5,20,0,41.9,7.6,0,0,7.6,0,8899,0,5.9,0,3.9,7503,56.2,40.4
Lake,2021,15.9,29.4,58.4,30.3,34.1,26.4,13.6,15.7,79,54.7,32.3,40.6,51.5,21.3,78.7,17.9,87.5,84.3,5.7,4.1,5,17.6,76.1,44690,17.3,33.8,24.2,2.1,1.5,18.5,2.2,41,14.4,117,29.4,9.9,1.5,36.8,1.9,19.3,17.9,43,16.9,84.2,487.1,138.5,8.2,4.3,107.4,3,15.2,3.7,166,64494,234.5,224,386.2,265.9,721.9,1487.5,53.9,2618.8,9,92.9,10.7,9.6,6.1,2.9,38.1,18.3,0,8.4,67.7,0,30.2,55.5,0,87,3.2,3.7,3.9,312255,19909,2.2,68835,205465,102449,89.4,5,2.2,10.5,5.9,110.3,15,0,43.1,4,2.5,2,7.7,0,376749,0.8,6.1,3.5,1.6,312150,60.4,40.9
Lee,2021,14.2,34.7,52.5,24.8,37.2,26.2,12.1,14.8,80.2,51,35.6,43,56,20.1,79.9,20,87.6,85.2,6,3.9,4.6,18.2,69.7,70274,17.3,27.8,20,3.3,1.4,17.1,2.9,25.5,10.4,83.8,18.7,4.4,1.6,30.8,1.7,16.6,11.6,26.3,15.2,77.7,420.8,119.8,5.9,4.2,138.7,2,5.9,2,320,176298,279.9,169.4,215,195.4,596.9,1087.8,27.2,1775.9,10.2,93.5,12,10.2,6,3.5,43.6,17.7,0.3,8.7,53.3,0,32.3,60.2,0,75.2,3.1,4.3,4.3,591693,32204,1.2,132328,409148,226515,86.9,9.7,1.7,11.1,6.3,68.9,13.1,0,32.4,2.7,2.8,2,13.1,0,767991,1.5,4.6,3.6,2.3,665513,65.1,46
Leon,2021,14.3,19.9,50.6,27.5,30.8,19.3,11.9,6.5,73.5,65.8,38.6,38.5,62.3,8.6,91.4,8,89,93.5,3,4.1,2.7,9.2,76.7,97793,12.8,54.1,34.4,1.9,3.9,22.5,3,29.2,8.9,66.7,23.3,24.2,2.8,29.3,1.7,12.6,19,38.1,12.6,48,700.1,118.2,6,3.4,430.2,0,2.3,1.3,136,20598,402.8,145.4,244.9,269.1,656.4,1528.2,42.3,2407.3,17.8,94.5,19.3,6.8,9.8,0.4,47.9,43,0.1,10.9,48.6,0,18.4,56.7,0,81.5,3.4,7.9,6.7,281914,19653,1.1,63249,195698,43565,91.7,2.5,3.1,11.3,7.2,89.7,15.4,0,18.3,2.3,4.9,2,37.2,2,302512,2.1,6.2,1.6,2.1,185066,72.5,58
Levy,2021,22.6,28.1,61.3,35.8,37.8,40.2,19.8,25.1,76.7,49.3,23,31.2,48.2,28.9,71.1,34.9,81.7,74.9,9.8,5.4,7.2,23.2,74,3926,39.2,88.5,63.7,4,0,27.5,4.1,57.1,21.1,105.3,21.6,31.2,0.4,58.9,2.1,48.6,14.3,54.9,17.3,103.2,1251.8,96.8,8,6.4,197.5,0,8,4,20,3847,0,343.9,326.3,251,1106,2036.5,41,2717.4,6.4,96.6,18,12.4,4.9,4,17.6,3.2,0,10.6,73.2,0,18.8,48.9,0,84.6,3.9,2.4,2.4,38215,1649,2.4,7554,23725,10783,83.8,3.2,2.4,12.9,8.3,63.9,17.1,0,36,5.6,0,1,8.8,0,42062,0,5.2,0.8,4.8,36487,59.8,39.3
Liberty,2021,22.4,22.2,70.3,34.2,36.8,36.5,11.8,18,76.9,55.4,28.1,28.7,57.6,27.7,72.3,25.5,90.3,82,8.1,3.2,5.8,45.6,71.6,1688,22.6,178.8,126.9,15.1,0,7.2,0,65.5,12.7,125.9,26.7,10.2,2.7,41.7,3.5,30.8,12,27.3,22.1,79.3,243.2,95.4,4.6,0,169.3,0,22.6,0,2,597,0,168.6,347.5,214.2,429.8,1651.9,55.4,2554.6,0,93.8,20.5,23,13.8,0,33.9,0,0,8.3,76.3,0,19.5,43.1,0,70,3.7,3.7,4.6,8035,283,7.5,1462,5818,1352,86.2,1.3,9.2,12,6.5,25.6,22.2,0,26.3,0,3.8,0,3.8,0,8632,0,7.7,11.3,0,6661,53.7,45.5
Madison,2021,16.9,26.6,57.8,44.5,30.5,34.7,14.4,15.5,81.7,56.5,23.7,25.2,55.8,23.4,76.6,22.9,86.2,84.5,7.1,4.1,4.9,18,73.5,7119,32.9,127,87.8,5.2,1.7,25.6,2.1,50.5,10.4,109.6,31.9,41.6,4.1,45.8,4.9,13.5,31.5,56.4,20.1,55.5,568.7,80,8.3,5.2,220,0,1.7,1.7,13,1159,129.9,169.5,242.9,200.8,490,1237.6,35.8,1926.9,17.3,95.6,25.4,19.5,11.7,1.7,22.5,5.2,0,14.1,61.7,0,12.3,56.8,0,68.7,4.5,1.7,10.1,17793,532,0,3503,11363,4086,87.8,2.1,1.7,12.1,9.1,83.1,,0,41.6,10.4,0,0,10.4,0,18952,0,3.9,0,1.7,11301,61.2,45.5
Manatee,2021,13.3,27.9,55.2,25.8,35.9,26.1,11.7,13.2,77.8,58.8,36.5,35.6,50,17.8,82.2,17.5,87.4,86.8,5,4,4.1,20.5,73.5,38050,11.4,30.1,21.2,1.9,1.2,17.2,2,27,8.9,77.1,16.4,11.7,1.9,30.3,1.6,15.7,13.3,29.3,15.6,72.7,588.2,127.3,7.2,2.4,142.4,2,12.2,3.6,184,68748,224.4,149,226,203.5,493.3,1033,31,1782,11,94,10.4,9.7,6.1,2.5,57,20.6,0.3,8.3,53.3,0,35.7,52.4,0,84.6,2.8,4.4,3.9,341451,20384,1.1,72218,220060,117921,88,6.7,2.2,9.8,5.7,83.7,16.5,0,18.1,2.3,0.7,2,15.4,0,410199,1.8,5.5,1.6,0.9,351765,64.7,39.4
Marion,2021,18.3,29.6,59.2,35,31.8,32.3,19.1,14.8,83.4,52.1,31,35.8,55.2,26.4,73.6,18.3,85.7,85.2,5.7,4.1,4.8,24.9,63.4,51166,17.9,48.1,34.2,1.4,0.6,22.1,4.3,46,14.3,148.8,34.8,9,3.1,41.7,3.1,26.8,15.7,23.6,20.1,111.9,977.7,126.6,8.8,4.9,167.4,0,14.5,4.4,211,55146,290.9,208.4,360.1,271.5,801.4,1549.4,47.5,2714.5,8,95.1,14.6,11.6,6.7,1.3,37.4,16.5,0.1,9,68.3,0,26.6,59.1,0.4,80.4,3.2,7.3,4.2,320961,17016,1.5,69228,196679,110200,88.1,4.5,2.6,10.3,6.1,92.1,14.6,0,23.4,3.2,1.4,5,7.4,1,376107,0.8,6.9,3.3,0.8,307925,54.5,47.1
Martin,2021,14.5,32.5,49.7,18.2,36.4,26.6,11.9,10.7,79.2,53.1,43.9,38.2,58.7,15.4,84.6,13.8,91,89.3,4.6,3,3.6,14.2,73,9134,20.3,48.9,35.3,2.3,5.2,17.7,1.7,28.2,9.8,72.8,15.4,7.2,0.8,26.9,2,12.7,19.3,47.9,17.1,66.8,319.3,120.6,5.1,7,46.4,0,11.4,1.7,45,23153,313.1,201.8,189.5,214.1,443.8,795.3,22.5,1373.5,6.4,91.2,10.5,7.9,4,2.1,86.8,16.2,0.4,6.6,56.3,0,55.6,57.2,0,88.2,2.8,2.7,2.2,140767,7398,2.7,26098,84658,53164,90,5.2,1.9,8.8,4.7,94,14.8,0,71.4,5.6,10.1,2,6.6,0,163920,1.9,4.6,2.7,2.9,147388,66.4,50.6
Miami-Dade,2021,12,21.2,66.7,27.3,34.7,30.7,20.1,13.5,79.1,66.8,35.9,27,46.3,22.6,77.4,13.6,87.4,86.5,4.2,3.8,4.3,10.4,84.6,506263,25.2,28,22.4,2,0.7,15.9,2.4,22.6,12.1,87.7,25,7.6,3.8,20.7,0.9,11.3,17.8,49.2,7.5,31.6,281.8,111,7,5.1,192,15,0.8,2.4,2083,1970377,330.2,141.2,214,215.2,472.2,1112.5,34,2212.6,37.2,93.2,15.7,17.5,4.3,1.8,62.9,14.2,0.3,8,40.5,0,8.4,49.4,0.1,90.9,2.9,7.3,2.9,890207,94085,0.6,577566,1797111,485907,84.4,34,1.3,9.8,5.6,103.7,11.6,0,39.6,4.2,5.7,28,22.5,0,2860584,3.4,5.1,2.6,0.8,2260236,63.6,52.7
Monroe,2021,17.6,30.3,47.5,24.7,39.7,23.2,14.2,13,72.5,52.2,34.4,34.9,44.2,16.8,83.2,18.4,85,87,5.4,4.6,4.4,12.2,71.2,5780,39.6,98,94.5,1.8,0.9,21.3,0.9,24.8,11.1,65.1,16.2,10.3,3.2,32.7,4.2,16,19.4,27.3,22.7,73.8,469.3,94.5,6.9,11.4,57.1,0,0.9,0.4,34,19846,260.2,93.8,208.3,195.4,297.7,752.1,20.1,1188.7,20.7,91.3,11,7.9,2.5,5.3,52.7,23.3,0,6.2,44.6,0,29.9,40.7,0,86,2.5,3.5,1.5,58126,3147,0.9,12038,47488,18446,83,10.2,1,8.1,4,60.4,,0,37.8,0.4,7,1,16.3,0,77972,3.1,3.7,4.4,3.1,69045,47.3,39.8
Nassau,2021,22.4,26.6,55.2,32.2,36.4,25.8,13.9,17.3,79,51.1,28.6,34.4,58.5,19.9,80.1,25.6,85.1,82.7,7.3,4.6,5.1,16.2,75.9,5739,13.2,73.6,50.9,1.1,1.9,21,5.4,36.2,13.7,89,13.5,20,1.3,40.1,3.9,20.1,15.2,48.2,20.2,76.7,366.9,148.8,6.4,2.6,116.2,0,10.9,2.6,30,4570,70,154.6,282.6,214.1,524.2,1228.4,46.5,2024,4.5,94,9.6,8.5,4,2.3,31.6,22.6,0,7.7,80.2,0,41.2,58.8,0,84.7,3.5,2,3.6,88805,3266,0.4,18292,53321,21762,90.3,1.8,0.4,11.4,5.4,111.7,11,0,41.4,1.5,1.1,0,4.9,0,93375,1.1,4.8,1.9,0.8,84370,54.4,39.2
Okaloosa,2021,19.3,26.9,60.7,26.4,40.6,27.2,15.2,11.5,70.6,53.8,30.6,43.1,55.3,16.8,83.2,16.8,87.7,88.5,5.7,3.7,3.9,18.9,76.9,21590,33.5,56.6,40.7,0.7,1,23.2,0.9,45.6,13.2,69.4,25,31.1,0.6,42.7,2.5,18.6,18.6,48.5,20,70.8,706.5,106.3,4.4,2,195.3,2,2.8,2,92,20643,230.4,184.5,263.8,261.8,523.7,1534.1,43.5,2416.2,6.4,94.7,11,7.1,5.7,0.5,56.9,28.4,0.3,8.8,67.5,0,29.1,55.1,0,87,3.5,5,3.9,185775,18104,0,45859,126486,34073,88,3.7,1.8,12.5,6.4,83,12.4,0,38.4,1.5,1.3,2,14.4,0,206418,1.6,3.9,3.9,1.3,166724,58.2,46.1
Okeechobee,2021,20.1,25.6,65,35.8,38.2,37.7,15.1,18.2,73.3,54.3,24.6,32.3,56.3,26.6,73.4,28.3,82.5,81.8,7.5,5,5.2,43,67.4,3813,21.5,74.6,52.5,0.8,0.8,22,9.1,37.6,12.3,153.4,24.8,11,0.5,54.2,6.3,43.4,18.9,39.8,19.8,89.8,460.7,129.9,4.5,4.8,81,0,22.2,8.7,40,11198,238.4,465.7,588.3,335.5,703.3,2587.5,86,4035.3,5.6,95.8,19.8,19.4,5.1,0,20.7,12.7,0.8,6.9,90.8,0,10.4,51.2,0,83.2,2.2,5.6,2.6,31124,1771,1.6,8906,24740,8676,83.4,8.8,2.6,8.8,4.5,77.8,13.8,0,35.8,2.4,0.8,1,7.2,0,42322,1.6,5,0.8,0.8,36738,62.5,40.3
Orange,2021,11.7,20.3,56.9,31.2,34.7,27,15.2,10.4,75.2,68,31.8,28.4,49.6,20.2,79.8,13.4,86.4,89.6,4.4,4.2,3.5,12.4,74.4,331009,11.9,34.4,25,1.5,1.4,18,2.9,27.7,13,88,22,13.7,3,27,1.6,12.3,19.5,53.6,9.3,53.6,588.5,122.1,7.5,3.5,261.3,4,5.2,2.4,1070,476188,340,215.7,278.6,267.3,859.8,1614.7,50.6,3001.3,29.7,90.5,13.9,10.5,5.6,2.7,56.6,21.3,0.2,8.9,48.1,0,16.2,52.7,0.1,91.5,3,7.1,4.1,972745,136010,0.7,314118,951857,182958,86.7,14.7,1.6,10.6,6.1,95.4,12.6,0,24.7,3.4,5.8,10,25,0,1448933,3,5.7,2.4,0.3,981914,59.4,51.3
Osceola,2021,12.8,20.6,64.6,32.5,42.8,29,20.3,15.5,75,66.6,23.7,27,54,23.6,76.4,17.8,89,84.5,5.3,3.6,4.6,14.5,78.2,58458,18.3,32,24.3,1.8,0.6,21.8,2.8,33.5,13.6,101.3,23.3,18.2,1.2,30.7,1.1,14.9,21.7,56.5,10.7,55.5,568.3,137.3,6.8,3.7,141.1,0,5.9,3.2,178,226886,292.7,259,331.7,263.4,1077.2,1616.3,46.8,3518.3,22.6,91.4,13.5,13.4,4.3,1.5,17,7.9,0.3,8.5,53.3,0,20.1,52.4,0,90,2.8,3.9,3.4,178092,28588,0.2,96979,252998,55001,86.8,20.6,0.8,10.4,5.9,111.2,9.9,0,27,1.8,2,1,10.5,0,404978,1.5,6,2.8,0.6,317932,51.4,51.5
Palm Beach,2021,11,27.3,58.5,24.3,35.2,25.6,15.8,12.7,79.8,61.6,37.8,35.1,51.9,18.2,81.8,14,90.8,87.3,4.6,3,4.3,13.5,73.3,296544,19.9,48.3,37.7,1.1,1.4,16.4,1.9,21.9,10.9,88.7,15.6,7.4,2.6,25,2.3,13.8,13.1,38.9,12.6,68.7,311.3,125.5,6.7,3.8,115.3,7,2.2,2.1,1109,348330,293.6,164.2,190.1,183.4,544.4,900.3,26.1,1788.1,17.7,92.9,11.6,10.9,4.5,2,78,14.7,0.4,8.6,45.7,0,24.4,51.5,0,87.1,2.8,6.1,3.1,1138942,83545,0.8,280753,836971,369548,86.2,13.8,1.4,10.2,5.9,85.2,14,0,37,3.6,5.6,12,9,0,1487272,2.6,6.1,3.3,1.4,1107183,61.7,59.6
Pasco,2021,21.6,33.2,63.7,26.1,33.6,27.5,17.5,17.9,77,45.2,38.2,35.2,49.9,22.7,77.3,28.2,82,82.1,7.7,5.3,5.4,14.9,80.8,39490,23.2,33.2,21.8,3,0.9,22.4,2.8,52.7,12.6,98.6,27.8,23,2,42.4,2.9,19.8,15,38.4,18.6,93.3,866,123.5,5.9,2.6,104.3,1,26.9,7.7,292,95727,274.1,227.7,350.1,230.2,813.9,1560.4,40.4,2686.3,8.2,94.5,12.2,9.6,5.3,3.2,34.4,19.8,0.2,8.2,70.7,0,30.3,55.9,0.2,81.6,2.9,2.4,3.3,462900,34035,2,112075,319345,127207,88.6,4.9,2.1,10.3,5.7,93.7,12.4,0,21.1,1.4,0.7,3,7,0,558627,1.2,5.4,1.6,1,485102,57.6,47.7
Pinellas,2021,19.7,32.3,54.4,28.4,35.4,22,15.1,13.6,79.9,48,33.7,42.6,51.9,18.2,81.8,19.3,87.3,86.4,5.9,4,4.1,13.7,82.3,109692,25.8,64.5,54.4,4.3,1.6,19.1,2.4,34.9,11.8,87.9,21,8.5,2.5,33.9,2.7,12.6,14.6,32.4,16.6,85,628.3,135.1,7.3,3.7,172,3,13.1,5.5,674,101876,402.1,172.9,222.9,207.5,702.4,1175.4,32.4,2078.9,16.1,92,11.5,7.9,5.7,3.3,63.9,28.5,0.2,8.3,61.2,1,31.8,52.1,0.2,83.8,3.1,3.7,4,888201,64656,1.2,155169,578175,256733,89,5.2,1.8,9.9,5.8,93.6,13.7,0,19.7,1.6,2.6,8,24.1,1,990077,2.3,5,2.5,1.2,815729,60,40.8
Polk,2021,17.8,24.8,59.2,36.3,35,31.7,19.8,14.4,75.6,57.4,27,33.7,52.4,24.8,75.2,19.1,86,85.6,5.5,4.1,4.6,21.3,71.4,122002,25.6,51.1,38.6,2.9,0.7,19.7,4.2,47.4,13.2,92,27.3,18.5,2.1,37.2,2.2,19.2,15.2,57.7,13.8,63.1,678.7,118.9,7.5,4.4,199.7,6,5.3,2.6,235,190128,253.7,283.7,335.2,264.1,890.2,1573.8,50,3245,15.8,96,14.6,13.6,7.2,2.5,24.4,11,0.2,9.2,63.3,0,28,55.7,0.2,82.1,3.3,4.2,4.8,549131,37792,2.1,160866,426933,151460,86.9,8.6,2.4,11.1,6.5,107.1,14.4,0,27.5,4.2,2.4,11,13.9,0,739259,1.1,4.9,3.7,0.8,579465,72.7,55.1
Putnam,2021,26.9,30.1,62.5,39.5,30.2,35.9,21.9,21.6,75.8,43,29,34.1,52,26.9,73.1,30.7,82.9,78.4,8.4,4.6,6.2,32.8,67.8,12117,24.1,93.5,59.1,0.9,0.9,24,3.9,71.3,17.7,101.4,48.1,18.1,5.1,55.1,3.6,49.2,18.8,40.2,18.7,107.7,633.8,100,12.5,1.8,262.8,0,14.5,16.8,42,7742,134.8,325.9,414.7,296.1,784.8,2384.8,59.7,3453,11.3,94.7,23.7,18.1,11.4,1.4,16.3,6.8,0,11.3,85.3,0,20.1,49,0,73.7,3.5,9.6,6.9,66245,2587,2.7,15554,40747,17686,82.9,4.4,4.5,12.4,7.8,88.9,14,0,37.7,0.9,2.3,2,7.3,0,73987,1.4,9,0.5,1.8,59283,55.8,34.1
Santa Rosa,2021,21.1,31,55.1,32.2,36.2,29.4,14.2,14.7,73.3,48,29.6,36.7,55.8,19.3,80.7,19.7,85.1,85.3,6.3,4.6,4.7,16.6,79.2,12365,20,33,29,1.3,0.9,18,3.7,46.3,11.4,75.4,21.2,31.5,0.8,43,2.8,12,21.1,49.3,20.8,57.9,385.7,119.2,3.9,4,86.8,2,10.5,3.1,71,11581,174.2,209.3,280.7,265.4,495.6,1390.5,44.4,2363.6,3.6,93.7,8.8,7.7,5,1.1,38.3,28.5,0.2,8.3,75.6,0,33.3,51.2,0,86.3,3.4,2.2,3.3,178824,12894,2,41653,117349,31403,88.5,1.9,1.7,12.3,5.9,111,12.1,0,30.3,2.3,2.2,0,5.1,0,190405,0.9,4.9,2.7,0.6,165146,60,46.4
Sarasota,2021,16.4,35.1,48.6,22.1,39.8,22,10.8,12.5,78.1,48.5,36.5,38.4,59.1,14.4,85.6,20.7,88.8,87.5,6.5,3.3,4,11.5,73.2,21144,14.6,60.9,64.5,0.6,2,19.1,1.6,23.6,11.2,62.1,13.2,9.6,1.3,31.8,2.2,15.3,15,26.5,17.4,77,301.1,133.6,6.8,2.2,83.7,0,10.8,1.5,188,43945,366.5,119,188.1,175.8,521.8,805.2,23.4,1390.6,8.6,91.3,8.1,6.3,5.6,2.7,71,23.6,0.5,7.9,55.7,0,31.5,65.3,0,88.8,3,2,3.8,407308,17805,0.7,62685,217402,171166,89.3,4.8,1.8,9.9,5.5,83.6,10.8,0,19.4,1.5,1,2,9,0,451253,1.3,3.6,1.1,0.9,412304,67.9,49
Seminole,2021,11.2,24.7,47.6,22.7,37.6,22.6,13.3,10.9,76.1,64.1,36.7,36.6,55.9,16.9,83.1,15.6,89,89.1,5,3.9,3.7,8.6,78.1,63905,11.6,31.3,20.7,0.8,2.9,18.8,2.5,28.1,12.5,69.6,23.8,16.7,2.1,29.6,2.2,10.7,19.2,58.7,12.3,59.2,541.7,124.8,6.8,3,132.1,5,4.1,2.4,194,110468,199.4,160.1,216.2,222.8,660.8,1256.5,34.7,2240.5,12.7,92.7,9.5,5.8,6,2.4,61.9,27.7,0,7.6,46.4,0,21.3,55.6,0,90.4,3.1,2.7,4.5,371982,41590,1.2,99475,304168,78807,90.4,6.9,1.5,9.6,5.2,80.5,8.7,0,20.3,2.9,2.9,7,12.7,0,482450,1.1,4.5,4,0.7,376955,57.8,45.5
St. Johns,2021,14.6,28.7,44.8,24,34.3,22.2,14.5,10.6,77.3,56.8,38.4,41.1,62.7,14.3,85.7,12.8,88.8,89.4,4.3,3.5,3.8,6,79.6,15080,20,27.9,20.1,1.7,6.5,15.4,1,29.8,10.5,73.2,11.4,11,0.6,27.6,3.2,13.2,15.3,33.6,15.5,50.3,268.5,139.1,3.8,4.6,61.7,3,7.3,2.4,107,21259,127.9,113.3,203.3,179.4,362.3,902.8,21.2,1373.2,5.9,92.6,7.7,5.3,5.6,2.7,72.4,35.6,0.4,7.1,52.6,0,38.3,55.3,0,88,3.3,1.8,3.6,248746,16522,1.3,57782,155509,56714,92.1,2.7,2.1,8.9,4.9,111.1,8.3,0,38.3,4.3,1.8,4,4.5,1,270005,1.4,4.7,2.9,2.8,238403,61.2,54.7
St. Lucie,2021,16.1,32.3,53,32.4,37.7,30.3,17.2,16.4,74.3,51.6,28.3,32.7,54.1,22.2,77.8,19.7,85.3,83.6,6,4.6,5,16.6,71.9,73045,21.1,52.7,41,2.5,1.6,20.3,4.6,39.7,12.4,86.4,25.7,11.6,3.6,34.9,2.3,15.7,19.2,58.4,13.7,59.4,494.4,120.1,7.4,3.2,132.2,3,10,3.3,207,68067,266.3,233.2,297.7,287.6,658.3,1440.9,37.8,2568.8,12.7,92.4,11.8,11.8,5.1,2.1,26.5,9.2,0.1,8.9,59.3,0,23.6,58.4,0.4,84.7,2.9,5.9,3.1,267135,17050,0.2,64906,186285,84011,87.2,7,2,10.2,6.1,90.4,14.7,0,51.5,2.2,5.8,7,11.8,1,335202,3.2,5.7,4,1.4,245107,58.7,49.9
Sumter,2021,11.7,43.8,41.1,27.5,43.8,21.5,9.5,14,89.1,44.5,27.4,49.9,64.3,17.1,82.9,15.1,89.7,86,5,3.2,4.3,29.9,72.8,10852,9.6,36.2,22.5,1,1,13.3,5.5,24.1,6.7,93.7,24.8,6.8,2.1,30.3,2.1,19.3,11.1,27.8,15,86.4,339.5,133.3,11.7,3.3,48.5,1,9.8,1.7,71,9198,248.9,166.6,303.4,204,458.4,1069.6,37.7,1813,2.6,95.9,9.7,7.8,9,2.6,23.9,12.9,0,8.6,53.8,0,18.3,77.6,0,76.6,2.9,4.1,4.9,145125,3860,2.2,10677,52504,91142,94.3,2.2,4.2,9.8,5.7,82.6,15.6,0,17.2,1.4,1,1,3.8,0,154323,0.7,5.5,1.4,1,139611,80.3,37.3
Suwannee,2021,25.4,25.9,59,37.6,37.6,36.2,19.3,18.8,72.2,48.7,22.8,27.6,53.7,29.7,70.3,26,86.1,81.2,7.6,4.4,5.7,27.7,68.8,5662,26.2,58.8,40.5,4.4,0,24.1,3.2,61.3,12.8,101.5,29.3,19.7,1.5,49,3.2,28.3,16.7,42.4,22.2,73.1,716.5,107.3,8.3,8,165.3,0,11.6,4.4,28,4658,4.4,346.8,311.3,261.2,662.3,1908.3,48.4,3060.5,5.1,94.6,15.2,17.1,6.9,2.9,21.8,2.9,0.7,9.4,84.6,0,14.5,44.5,0,73.6,2.7,2.9,6.1,41191,1484,1.5,9502,26236,10111,87,3,0.8,11.6,6.5,103.8,15.8,0,43,10.2,1.5,0,3.6,0,45849,1.5,5.3,0.7,0,38703,46.9,44.7
Taylor,2021,23.8,26.6,62,37.6,30.5,32.9,19.2,19,76.1,49.6,28.5,29.8,51.8,28.9,71.1,25.7,84.5,81,7.7,4.6,5.9,33.4,72.1,4450,19.2,120.4,90.3,5.9,0,19.9,16.8,60.9,20.4,98.4,52.6,21.9,6.2,50.5,0.8,20.1,11,44.3,11.3,68.2,972.4,127.1,6.1,2.9,187.3,0,7.4,7.4,8,971,212.4,178.1,328.8,240.4,471.6,1530.2,64,2233.8,7.4,97.2,18.2,17.8,6.1,1.5,17.7,4.4,0,10.5,72.4,0,14,58.9,0,71.2,2.7,8.9,4.6,21520,876,4.4,4434,13299,4758,91.7,2.6,1.5,10.7,6.6,55.3,11.5,0,64.9,1.5,5.9,1,7.4,0,22491,5.9,6.2,5.9,4.4,17165,56.9,44.2
Union,2021,32.4,21.8,57.3,38.9,35.9,26.4,21.4,22.5,69.6,45.8,24.9,29.9,57.4,24.7,75.3,18.1,84.6,77.5,5.9,5.2,6.7,21.5,76.7,3533,19.2,172.5,144.3,0,0,31.4,11.2,69.7,38.9,161.4,26.1,32.3,3.7,88,6.3,37.8,66.9,68.4,20.8,70,200.2,202,11.2,4.3,125.8,0,8.5,10.7,81,891,415.6,308,333.5,314.1,1136.6,2286,72.5,3528.3,0,96,17,22.7,15.8,0,4.3,6.4,2.1,7.7,183.2,0,24.8,40.3,0,78.1,1.6,2.1,6.8,14548,463,2.1,3111,9960,2368,90,1.1,9,12,5.2,310.2,8.7,0,36.2,2.1,0,0,21.3,0,15439,6.4,3.4,6.4,2.1,11443,54.6,41.7
Volusia,2021,18.5,30,58.2,35.5,30.7,25.1,17.6,15.2,75.8,51.5,30.8,36.7,56.5,21.8,78.2,19,82.8,84.8,5.3,4.9,4.6,17.2,77.9,65516,11.5,44,34.6,3.5,2.1,21.7,3.4,52,13.2,108.7,26.9,19,2.3,42.7,3.1,22.8,17,52.1,20.4,102.5,772.9,133,7.3,2.7,149.1,2,22.7,5.3,390,87326,288.6,208.9,279.3,287.3,601.5,1386.3,51.9,2313.6,13.1,93.4,12.9,8.9,4.9,1.7,42.1,25.5,0.2,8.5,74.1,0,28.3,54.6,0.2,80.8,2.8,4.5,3.1,476786,27359,1.4,98348,322723,143041,88.4,3.5,1.8,10.3,5.8,77.8,13.3,0,30.7,2.5,1.3,3,16.1,1,564112,1.2,4.2,2.7,1.5,471237,55.7,43.3
Wakulla,2021,21.4,28.4,54.8,37.9,36.7,33.8,13.2,11.2,75.8,50.2,21.3,28.4,57.4,19.5,80.5,20.1,87,88.8,5.5,4.1,3.5,18.7,82.6,4795,17.9,110,74.9,2,2,10.8,8.1,60.6,18.4,100.6,14.9,26.5,1.6,56.2,3.5,28.9,27.5,51.9,18,63.9,152.8,126.6,11.5,3,110.3,0,5,1,7,1433,0,213.5,311.8,299,658.5,1562.7,44.3,2466.8,4,92.7,6.2,11.8,11.6,0,12.9,9.9,0,8.6,68.1,0,30.9,55.7,0,83.3,2.3,3.1,6.3,33396,1321,2,7088,22106,5635,93.3,1.3,5.3,10.8,6.2,102.7,,0,24.8,2,0,0,13.9,0,34829,0,3.3,1,2,28713,67.4,54
Walton,2021,28.6,27.6,56,34.3,37.9,31.4,21,19.7,69.6,43.8,26.8,29.5,55.3,27.4,72.6,21,83.8,80.3,6.8,5.1,6.1,26.7,78.8,4217,27,130.8,90.6,0,0.9,12.6,2.4,44.2,10.5,81.5,17.5,23.9,0.7,40,1.3,29,14.8,37.5,14.9,81,667,106.4,6.5,2.7,139.9,0,6.3,3.1,21,5081,183.6,122,201.4,174,339,879.9,28.8,1483.7,9.9,93,12.8,8.8,6.2,0.9,46.3,15.7,0.9,8.3,57.5,0,18.2,48.8,0,84.5,3.1,2.4,3.1,74295,4011,0.4,16056,47003,16317,86.8,2.3,3.1,11.8,5.9,67,17.5,0,27.9,0.9,0.4,1,4,0,79376,1.3,4.6,0,3.3,71148,52.3,43.2
Washington,2021,22.2,24.3,57.8,38.6,30.6,33.6,19.6,17,74.3,53.5,29.7,30.3,51.2,26.1,73.9,20,81.6,83,6.2,5.2,5.2,35.4,73.6,3729,7.9,112.8,86.8,2.6,2.6,28,2.9,90.8,19.9,149.7,56.1,32,2.1,66.6,3.6,25.3,18.2,51.7,14.3,72.5,457.5,73,9,2.6,220.7,0,3.9,6.6,88,1042,232.5,189.5,228.9,182.4,346.9,1285.9,25.7,1986.6,3.9,96,22.3,16.4,11.7,1.3,23.6,21,0,9.7,55.6,0,9.7,41.3,0,75.7,2.6,2.6,9.1,24472,1300,0,5087,15896,4531,84.7,2.3,2.6,12.6,6.8,45.8,,0,30.2,5.3,0,0,13.1,0,25514,1.3,5.6,5.3,0,20485,50.9,41.3
